departmentId,empid
200,EMPID_1
200,EMPID_2
100,EMPID_3
100,EMPID_4
200,EMPID_5
200,EMPID_6
100,EMPID_7
100,EMPID_8
100,EMPID_9
100,EMPID_10
100,EMPID_11
100,EMPID_12
200,EMPID_13
100,EMPID_14
200,EMPID_15
200,EMPID_16
200,EMPID_17
100,EMPID_18
100,EMPID_19
100,EMPID_20
200,EMPID_21
200,EMPID_22
100,EMPID_23
100,EMPID_24
100,EMPID_25
200,EMPID_26
200,EMPID_27
200,EMPID_28
100,EMPID_29
200,EMPID_30
200,EMPID_31
100,EMPID_32
200,EMPID_33
100,EMPID_34
200,EMPID_35
200,EMPID_36
200,EMPID_37
100,EMPID_38
100,EMPID_39
100,EMPID_40
200,EMPID_41
200,EMPID_42
100,EMPID_43
100,EMPID_44
100,EMPID_45
200,EMPID_46
200,EMPID_47
100,EMPID_48
100,EMPID_49
100,EMPID_50
200,EMPID_51
100,EMPID_52
200,EMPID_53
200,EMPID_54
100,EMPID_55
200,EMPID_56
200,EMPID_57
200,EMPID_58
100,EMPID_59
200,EMPID_60
200,EMPID_61
200,EMPID_62
200,EMPID_63
100,EMPID_64
100,EMPID_65
100,EMPID_66
200,EMPID_67
200,EMPID_68
100,EMPID_69
100,EMPID_70
100,EMPID_71
100,EMPID_72
100,EMPID_73
100,EMPID_74
200,EMPID_75
200,EMPID_76
200,EMPID_77
100,EMPID_78
100,EMPID_79
100,EMPID_80
200,EMPID_81
100,EMPID_82
100,EMPID_83
100,EMPID_84
100,EMPID_85
100,EMPID_86
200,EMPID_87
200,EMPID_88
200,EMPID_89
200,EMPID_90
100,EMPID_91
100,EMPID_92
200,EMPID_93
100,EMPID_94
200,EMPID_95
200,EMPID_96
200,EMPID_97
200,EMPID_98
100,EMPID_99
200,EMPID_100
100,EMPID_101
200,EMPID_102
100,EMPID_103
200,EMPID_104
200,EMPID_105
100,EMPID_106
100,EMPID_107
200,EMPID_108
200,EMPID_109
200,EMPID_110
200,EMPID_111
100,EMPID_112
200,EMPID_113
100,EMPID_114
100,EMPID_115
100,EMPID_116
200,EMPID_117
200,EMPID_118
200,EMPID_119
200,EMPID_120
200,EMPID_121
100,EMPID_122
100,EMPID_123
100,EMPID_124
200,EMPID_125
200,EMPID_126
200,EMPID_127
100,EMPID_128
200,EMPID_129
100,EMPID_130
200,EMPID_131
100,EMPID_132
100,EMPID_133
100,EMPID_134
100,EMPID_135
100,EMPID_136
100,EMPID_137
100,EMPID_138
100,EMPID_139
100,EMPID_140
100,EMPID_141
100,EMPID_142
200,EMPID_143
200,EMPID_144
200,EMPID_145
100,EMPID_146
200,EMPID_147
200,EMPID_148
200,EMPID_149
200,EMPID_150
100,EMPID_151
100,EMPID_152
100,EMPID_153
200,EMPID_154
100,EMPID_155
100,EMPID_156
200,EMPID_157
200,EMPID_158
100,EMPID_159
100,EMPID_160
100,EMPID_161
100,EMPID_162
200,EMPID_163
100,EMPID_164
200,EMPID_165
100,EMPID_166
100,EMPID_167
200,EMPID_168
100,EMPID_169
100,EMPID_170
200,EMPID_171
200,EMPID_172
100,EMPID_173
100,EMPID_174
100,EMPID_175
200,EMPID_176
100,EMPID_177
100,EMPID_178
100,EMPID_179
200,EMPID_180
100,EMPID_181
200,EMPID_182
100,EMPID_183
100,EMPID_184
100,EMPID_185
200,EMPID_186
200,EMPID_187
200,EMPID_188
200,EMPID_189
100,EMPID_190
100,EMPID_191
200,EMPID_192
100,EMPID_193
200,EMPID_194
100,EMPID_195
100,EMPID_196
200,EMPID_197
200,EMPID_198
100,EMPID_199
200,EMPID_200
100,EMPID_201
200,EMPID_202
200,EMPID_203
200,EMPID_204
100,EMPID_205
200,EMPID_206
100,EMPID_207
200,EMPID_208
100,EMPID_209
200,EMPID_210
200,EMPID_211
200,EMPID_212
100,EMPID_213
100,EMPID_214
100,EMPID_215
200,EMPID_216
200,EMPID_217
200,EMPID_218
100,EMPID_219
100,EMPID_220
200,EMPID_221
200,EMPID_222
100,EMPID_223
100,EMPID_224
200,EMPID_225
200,EMPID_226
200,EMPID_227
100,EMPID_228
100,EMPID_229
100,EMPID_230
100,EMPID_231
200,EMPID_232
200,EMPID_233
100,EMPID_234
200,EMPID_235
200,EMPID_236
200,EMPID_237
200,EMPID_238
100,EMPID_239
200,EMPID_240
100,EMPID_241
100,EMPID_242
200,EMPID_243
100,EMPID_244
100,EMPID_245
100,EMPID_246
100,EMPID_247
200,EMPID_248
100,EMPID_249
200,EMPID_250
100,EMPID_251
100,EMPID_252
200,EMPID_253
100,EMPID_254
100,EMPID_255
100,EMPID_256
100,EMPID_257
100,EMPID_258
100,EMPID_259
200,EMPID_260
100,EMPID_261
200,EMPID_262
200,EMPID_263
200,EMPID_264
200,EMPID_265
100,EMPID_266
100,EMPID_267
100,EMPID_268
200,EMPID_269
100,EMPID_270
100,EMPID_271
100,EMPID_272
100,EMPID_273
100,EMPID_274
100,EMPID_275
200,EMPID_276
200,EMPID_277
200,EMPID_278
200,EMPID_279
200,EMPID_280
200,EMPID_281
100,EMPID_282
100,EMPID_283
200,EMPID_284
200,EMPID_285
200,EMPID_286
200,EMPID_287
100,EMPID_288
100,EMPID_289
100,EMPID_290
200,EMPID_291
100,EMPID_292
100,EMPID_293
200,EMPID_294
200,EMPID_295
100,EMPID_296
200,EMPID_297
200,EMPID_298
200,EMPID_299
200,EMPID_300
100,EMPID_301
100,EMPID_302
200,EMPID_303
200,EMPID_304
100,EMPID_305
200,EMPID_306
100,EMPID_307
200,EMPID_308
200,EMPID_309
200,EMPID_310
100,EMPID_311
100,EMPID_312
200,EMPID_313
200,EMPID_314
100,EMPID_315
100,EMPID_316
200,EMPID_317
100,EMPID_318
200,EMPID_319
200,EMPID_320
100,EMPID_321
200,EMPID_322
200,EMPID_323
200,EMPID_324
100,EMPID_325
100,EMPID_326
100,EMPID_327
100,EMPID_328
200,EMPID_329
100,EMPID_330
200,EMPID_331
100,EMPID_332
200,EMPID_333
200,EMPID_334
200,EMPID_335
200,EMPID_336
200,EMPID_337
200,EMPID_338
200,EMPID_339
100,EMPID_340
100,EMPID_341
200,EMPID_342
100,EMPID_343
200,EMPID_344
200,EMPID_345
100,EMPID_346
200,EMPID_347
100,EMPID_348
100,EMPID_349
200,EMPID_350
100,EMPID_351
200,EMPID_352
200,EMPID_353
100,EMPID_354
100,EMPID_355
200,EMPID_356
200,EMPID_357
200,EMPID_358
100,EMPID_359
200,EMPID_360
200,EMPID_361
200,EMPID_362
200,EMPID_363
200,EMPID_364
200,EMPID_365
200,EMPID_366
200,EMPID_367
200,EMPID_368
100,EMPID_369
200,EMPID_370
200,EMPID_371
100,EMPID_372
100,EMPID_373
200,EMPID_374
100,EMPID_375
100,EMPID_376
100,EMPID_377
100,EMPID_378
200,EMPID_379
200,EMPID_380
100,EMPID_381
200,EMPID_382
200,EMPID_383
100,EMPID_384
100,EMPID_385
100,EMPID_386
200,EMPID_387
100,EMPID_388
200,EMPID_389
200,EMPID_390
200,EMPID_391
100,EMPID_392
200,EMPID_393
200,EMPID_394
200,EMPID_395
200,EMPID_396
100,EMPID_397
200,EMPID_398
100,EMPID_399
200,EMPID_400
200,EMPID_401
200,EMPID_402
200,EMPID_403
100,EMPID_404
100,EMPID_405
100,EMPID_406
100,EMPID_407
200,EMPID_408
200,EMPID_409
100,EMPID_410
100,EMPID_411
100,EMPID_412
200,EMPID_413
100,EMPID_414
200,EMPID_415
100,EMPID_416
200,EMPID_417
200,EMPID_418
200,EMPID_419
100,EMPID_420
100,EMPID_421
200,EMPID_422
100,EMPID_423
100,EMPID_424
100,EMPID_425
200,EMPID_426
200,EMPID_427
100,EMPID_428
200,EMPID_429
200,EMPID_430
100,EMPID_431
200,EMPID_432
200,EMPID_433
100,EMPID_434
100,EMPID_435
200,EMPID_436
200,EMPID_437
200,EMPID_438
100,EMPID_439
200,EMPID_440
100,EMPID_441
100,EMPID_442
100,EMPID_443
200,EMPID_444
100,EMPID_445
100,EMPID_446
200,EMPID_447
100,EMPID_448
200,EMPID_449
200,EMPID_450
100,EMPID_451
100,EMPID_452
100,EMPID_453
100,EMPID_454
100,EMPID_455
100,EMPID_456
100,EMPID_457
100,EMPID_458
200,EMPID_459
200,EMPID_460
100,EMPID_461
200,EMPID_462
100,EMPID_463
100,EMPID_464
200,EMPID_465
100,EMPID_466
100,EMPID_467
200,EMPID_468
100,EMPID_469
200,EMPID_470
100,EMPID_471
200,EMPID_472
200,EMPID_473
200,EMPID_474
200,EMPID_475
200,EMPID_476
100,EMPID_477
200,EMPID_478
200,EMPID_479
100,EMPID_480
100,EMPID_481
200,EMPID_482
100,EMPID_483
200,EMPID_484
100,EMPID_485
100,EMPID_486
200,EMPID_487
100,EMPID_488
200,EMPID_489
100,EMPID_490
100,EMPID_491
100,EMPID_492
100,EMPID_493
200,EMPID_494
100,EMPID_495
100,EMPID_496
100,EMPID_497
100,EMPID_498
100,EMPID_499
200,EMPID_500
500,EMPID_501
400,EMPID_502
300,EMPID_503
500,EMPID_504
300,EMPID_505
400,EMPID_506
500,EMPID_507
500,EMPID_508
300,EMPID_509
400,EMPID_510
300,EMPID_511
400,EMPID_512
400,EMPID_513
400,EMPID_514
300,EMPID_515
500,EMPID_516
300,EMPID_517
400,EMPID_518
300,EMPID_519
300,EMPID_520
300,EMPID_521
500,EMPID_522
300,EMPID_523
500,EMPID_524
500,EMPID_525
500,EMPID_526
500,EMPID_527
300,EMPID_528
500,EMPID_529
500,EMPID_530
300,EMPID_531
500,EMPID_532
500,EMPID_533
300,EMPID_534
400,EMPID_535
300,EMPID_536
500,EMPID_537
300,EMPID_538
500,EMPID_539
500,EMPID_540
300,EMPID_541
400,EMPID_542
300,EMPID_543
500,EMPID_544
300,EMPID_545
500,EMPID_546
400,EMPID_547
300,EMPID_548
400,EMPID_549
500,EMPID_550
500,EMPID_551
300,EMPID_552
300,EMPID_553
500,EMPID_554
500,EMPID_555
300,EMPID_556
400,EMPID_557
400,EMPID_558
500,EMPID_559
300,EMPID_560
500,EMPID_561
500,EMPID_562
300,EMPID_563
400,EMPID_564
500,EMPID_565
400,EMPID_566
300,EMPID_567
300,EMPID_568
400,EMPID_569
500,EMPID_570
400,EMPID_571
300,EMPID_572
400,EMPID_573
300,EMPID_574
500,EMPID_575
500,EMPID_576
400,EMPID_577
400,EMPID_578
500,EMPID_579
500,EMPID_580
300,EMPID_581
300,EMPID_582
300,EMPID_583
500,EMPID_584
400,EMPID_585
400,EMPID_586
400,EMPID_587
500,EMPID_588
300,EMPID_589
500,EMPID_590
500,EMPID_591
400,EMPID_592
500,EMPID_593
300,EMPID_594
300,EMPID_595
400,EMPID_596
300,EMPID_597
400,EMPID_598
400,EMPID_599
400,EMPID_600
500,EMPID_601
300,EMPID_602
400,EMPID_603
300,EMPID_604
300,EMPID_605
300,EMPID_606
400,EMPID_607
400,EMPID_608
400,EMPID_609
500,EMPID_610
300,EMPID_611
300,EMPID_612
500,EMPID_613
400,EMPID_614
500,EMPID_615
300,EMPID_616
400,EMPID_617
400,EMPID_618
500,EMPID_619
500,EMPID_620
400,EMPID_621
400,EMPID_622
300,EMPID_623
300,EMPID_624
500,EMPID_625
400,EMPID_626
400,EMPID_627
400,EMPID_628
300,EMPID_629
500,EMPID_630
500,EMPID_631
300,EMPID_632
400,EMPID_633
400,EMPID_634
400,EMPID_635
500,EMPID_636
500,EMPID_637
400,EMPID_638
400,EMPID_639
500,EMPID_640
500,EMPID_641
500,EMPID_642
400,EMPID_643
500,EMPID_644
400,EMPID_645
300,EMPID_646
300,EMPID_647
400,EMPID_648
500,EMPID_649
400,EMPID_650
300,EMPID_651
400,EMPID_652
300,EMPID_653
500,EMPID_654
300,EMPID_655
500,EMPID_656
400,EMPID_657
300,EMPID_658
300,EMPID_659
500,EMPID_660
300,EMPID_661
300,EMPID_662
500,EMPID_663
400,EMPID_664
500,EMPID_665
300,EMPID_666
300,EMPID_667
500,EMPID_668
400,EMPID_669
300,EMPID_670
500,EMPID_671
500,EMPID_672
300,EMPID_673
500,EMPID_674
300,EMPID_675
300,EMPID_676
500,EMPID_677
500,EMPID_678
400,EMPID_679
400,EMPID_680
400,EMPID_681
500,EMPID_682
300,EMPID_683
400,EMPID_684
400,EMPID_685
400,EMPID_686
300,EMPID_687
400,EMPID_688
500,EMPID_689
500,EMPID_690
400,EMPID_691
500,EMPID_692
400,EMPID_693
500,EMPID_694
300,EMPID_695
400,EMPID_696
300,EMPID_697
300,EMPID_698
500,EMPID_699
400,EMPID_700
400,EMPID_701
500,EMPID_702
500,EMPID_703
300,EMPID_704
400,EMPID_705
500,EMPID_706
500,EMPID_707
500,EMPID_708
500,EMPID_709
300,EMPID_710
500,EMPID_711
300,EMPID_712
500,EMPID_713
300,EMPID_714
500,EMPID_715
300,EMPID_716
300,EMPID_717
400,EMPID_718
400,EMPID_719
500,EMPID_720
400,EMPID_721
300,EMPID_722
400,EMPID_723
400,EMPID_724
400,EMPID_725
300,EMPID_726
500,EMPID_727
400,EMPID_728
500,EMPID_729
300,EMPID_730
500,EMPID_731
300,EMPID_732
400,EMPID_733
400,EMPID_734
400,EMPID_735
400,EMPID_736
400,EMPID_737
500,EMPID_738
500,EMPID_739
300,EMPID_740
300,EMPID_741
400,EMPID_742
500,EMPID_743
400,EMPID_744
400,EMPID_745
400,EMPID_746
300,EMPID_747
400,EMPID_748
300,EMPID_749
400,EMPID_750
400,EMPID_751
300,EMPID_752
300,EMPID_753
400,EMPID_754
500,EMPID_755
400,EMPID_756
500,EMPID_757
500,EMPID_758
400,EMPID_759
300,EMPID_760
500,EMPID_761
400,EMPID_762
300,EMPID_763
500,EMPID_764
500,EMPID_765
300,EMPID_766
400,EMPID_767
400,EMPID_768
400,EMPID_769
300,EMPID_770
400,EMPID_771
300,EMPID_772
500,EMPID_773
400,EMPID_774
300,EMPID_775
400,EMPID_776
500,EMPID_777
500,EMPID_778
400,EMPID_779
500,EMPID_780
300,EMPID_781
500,EMPID_782
300,EMPID_783
400,EMPID_784
400,EMPID_785
300,EMPID_786
400,EMPID_787
400,EMPID_788
500,EMPID_789
400,EMPID_790
500,EMPID_791
400,EMPID_792
300,EMPID_793
500,EMPID_794
500,EMPID_795
500,EMPID_796
400,EMPID_797
500,EMPID_798
500,EMPID_799
300,EMPID_800
300,EMPID_801
300,EMPID_802
500,EMPID_803
400,EMPID_804
400,EMPID_805
400,EMPID_806
500,EMPID_807
500,EMPID_808
300,EMPID_809
400,EMPID_810
300,EMPID_811
300,EMPID_812
400,EMPID_813
300,EMPID_814
400,EMPID_815
500,EMPID_816
400,EMPID_817
300,EMPID_818
300,EMPID_819
300,EMPID_820
300,EMPID_821
300,EMPID_822
500,EMPID_823
300,EMPID_824
500,EMPID_825
500,EMPID_826
400,EMPID_827
400,EMPID_828
500,EMPID_829
300,EMPID_830
500,EMPID_831
300,EMPID_832
400,EMPID_833
400,EMPID_834
500,EMPID_835
300,EMPID_836
300,EMPID_837
300,EMPID_838
500,EMPID_839
500,EMPID_840
300,EMPID_841
300,EMPID_842
400,EMPID_843
400,EMPID_844
500,EMPID_845
400,EMPID_846
500,EMPID_847
400,EMPID_848
500,EMPID_849
400,EMPID_850
400,EMPID_851
300,EMPID_852
400,EMPID_853
500,EMPID_854
500,EMPID_855
300,EMPID_856
400,EMPID_857
400,EMPID_858
500,EMPID_859
500,EMPID_860
500,EMPID_861
300,EMPID_862
300,EMPID_863
300,EMPID_864
400,EMPID_865
300,EMPID_866
300,EMPID_867
400,EMPID_868
300,EMPID_869
400,EMPID_870
300,EMPID_871
400,EMPID_872
300,EMPID_873
300,EMPID_874
300,EMPID_875
400,EMPID_876
400,EMPID_877
300,EMPID_878
300,EMPID_879
500,EMPID_880
300,EMPID_881
400,EMPID_882
300,EMPID_883
500,EMPID_884
500,EMPID_885
500,EMPID_886
300,EMPID_887
300,EMPID_888
300,EMPID_889
300,EMPID_890
300,EMPID_891
400,EMPID_892
500,EMPID_893
500,EMPID_894
500,EMPID_895
300,EMPID_896
300,EMPID_897
400,EMPID_898
400,EMPID_899
500,EMPID_900
400,EMPID_901
500,EMPID_902
300,EMPID_903
500,EMPID_904
500,EMPID_905
400,EMPID_906
300,EMPID_907
500,EMPID_908
500,EMPID_909
300,EMPID_910
500,EMPID_911
300,EMPID_912
300,EMPID_913
400,EMPID_914
400,EMPID_915
400,EMPID_916
400,EMPID_917
400,EMPID_918
500,EMPID_919
400,EMPID_920
400,EMPID_921
400,EMPID_922
300,EMPID_923
500,EMPID_924
400,EMPID_925
300,EMPID_926
500,EMPID_927
500,EMPID_928
400,EMPID_929
400,EMPID_930
400,EMPID_931
400,EMPID_932
400,EMPID_933
500,EMPID_934
300,EMPID_935
300,EMPID_936
300,EMPID_937
400,EMPID_938
300,EMPID_939
500,EMPID_940
400,EMPID_941
500,EMPID_942
300,EMPID_943
300,EMPID_944
500,EMPID_945
400,EMPID_946
400,EMPID_947
400,EMPID_948
300,EMPID_949
500,EMPID_950
500,EMPID_951
400,EMPID_952
400,EMPID_953
500,EMPID_954
300,EMPID_955
300,EMPID_956
300,EMPID_957
400,EMPID_958
300,EMPID_959
500,EMPID_960
400,EMPID_961
300,EMPID_962
400,EMPID_963
300,EMPID_964
400,EMPID_965
400,EMPID_966
400,EMPID_967
500,EMPID_968
300,EMPID_969
500,EMPID_970
300,EMPID_971
300,EMPID_972
400,EMPID_973
500,EMPID_974
300,EMPID_975
500,EMPID_976
400,EMPID_977
300,EMPID_978
300,EMPID_979
500,EMPID_980
300,EMPID_981
300,EMPID_982
500,EMPID_983
500,EMPID_984
500,EMPID_985
300,EMPID_986
500,EMPID_987
500,EMPID_988
400,EMPID_989
300,EMPID_990
300,EMPID_991
300,EMPID_992
500,EMPID_993
500,EMPID_994
300,EMPID_995
300,EMPID_996
400,EMPID_997
500,EMPID_998
500,EMPID_999
300,EMPID_1000
