age,empId,firstName,lastName
42,EMPID_1,TestName_1,lName2
49,EMPID_2,TestName_2,lName3
21,EMPID_3,TestName_3,lName4
37,EMPID_4,TestName_4,lName5
30,EMPID_5,TestName_5,lName6
26,EMPID_6,TestName_6,lName7
51,EMPID_7,TestName_7,lName8
29,EMPID_8,TestName_8,lName9
44,EMPID_9,TestName_9,lName10
27,EMPID_10,TestName_10,lName11
41,EMPID_11,TestName_11,lName12
49,EMPID_12,TestName_12,lName13
31,EMPID_13,TestName_13,lName14
20,EMPID_14,TestName_14,lName15
39,EMPID_15,TestName_15,lName16
34,EMPID_16,TestName_16,lName17
36,EMPID_17,TestName_17,lName18
41,EMPID_18,TestName_18,lName19
59,EMPID_19,TestName_19,lName20
18,EMPID_20,TestName_20,lName21
31,EMPID_21,TestName_21,lName22
19,EMPID_22,TestName_22,lName23
48,EMPID_23,TestName_23,lName24
25,EMPID_24,TestName_24,lName25
51,EMPID_25,TestName_25,lName26
59,EMPID_26,TestName_26,lName27
24,EMPID_27,TestName_27,lName28
37,EMPID_28,TestName_28,lName29
54,EMPID_29,TestName_29,lName30
39,EMPID_30,TestName_30,lName31
33,EMPID_31,TestName_31,lName32
42,EMPID_32,TestName_32,lName33
32,EMPID_33,TestName_33,lName34
42,EMPID_34,TestName_34,lName35
60,EMPID_35,TestName_35,lName36
43,EMPID_36,TestName_36,lName37
34,EMPID_37,TestName_37,lName38
18,EMPID_38,TestName_38,lName39
48,EMPID_39,TestName_39,lName40
51,EMPID_40,TestName_40,lName41
56,EMPID_41,TestName_41,lName42
43,EMPID_42,TestName_42,lName43
47,EMPID_43,TestName_43,lName44
35,EMPID_44,TestName_44,lName45
50,EMPID_45,TestName_45,lName46
35,EMPID_46,TestName_46,lName47
55,EMPID_47,TestName_47,lName48
22,EMPID_48,TestName_48,lName49
39,EMPID_49,TestName_49,lName50
48,EMPID_50,TestName_50,lName51
52,EMPID_51,TestName_51,lName52
48,EMPID_52,TestName_52,lName53
31,EMPID_53,TestName_53,lName54
25,EMPID_54,TestName_54,lName55
21,EMPID_55,TestName_55,lName56
20,EMPID_56,TestName_56,lName57
24,EMPID_57,TestName_57,lName58
25,EMPID_58,TestName_58,lName59
52,EMPID_59,TestName_59,lName60
42,EMPID_60,TestName_60,lName61
40,EMPID_61,TestName_61,lName62
44,EMPID_62,TestName_62,lName63
28,EMPID_63,TestName_63,lName64
19,EMPID_64,TestName_64,lName65
60,EMPID_65,TestName_65,lName66
39,EMPID_66,TestName_66,lName67
51,EMPID_67,TestName_67,lName68
35,EMPID_68,TestName_68,lName69
25,EMPID_69,TestName_69,lName70
58,EMPID_70,TestName_70,lName71
24,EMPID_71,TestName_71,lName72
32,EMPID_72,TestName_72,lName73
29,EMPID_73,TestName_73,lName74
53,EMPID_74,TestName_74,lName75
30,EMPID_75,TestName_75,lName76
19,EMPID_76,TestName_76,lName77
37,EMPID_77,TestName_77,lName78
31,EMPID_78,TestName_78,lName79
44,EMPID_79,TestName_79,lName80
49,EMPID_80,TestName_80,lName81
27,EMPID_81,TestName_81,lName82
25,EMPID_82,TestName_82,lName83
26,EMPID_83,TestName_83,lName84
33,EMPID_84,TestName_84,lName85
38,EMPID_85,TestName_85,lName86
47,EMPID_86,TestName_86,lName87
24,EMPID_87,TestName_87,lName88
31,EMPID_88,TestName_88,lName89
23,EMPID_89,TestName_89,lName90
47,EMPID_90,TestName_90,lName91
37,EMPID_91,TestName_91,lName92
56,EMPID_92,TestName_92,lName93
24,EMPID_93,TestName_93,lName94
37,EMPID_94,TestName_94,lName95
21,EMPID_95,TestName_95,lName96
35,EMPID_96,TestName_96,lName97
51,EMPID_97,TestName_97,lName98
53,EMPID_98,TestName_98,lName99
19,EMPID_99,TestName_99,lName100
30,EMPID_100,TestName_100,lName101
26,EMPID_101,TestName_101,lName102
56,EMPID_102,TestName_102,lName103
36,EMPID_103,TestName_103,lName104
32,EMPID_104,TestName_104,lName105
28,EMPID_105,TestName_105,lName106
45,EMPID_106,TestName_106,lName107
60,EMPID_107,TestName_107,lName108
22,EMPID_108,TestName_108,lName109
23,EMPID_109,TestName_109,lName110
42,EMPID_110,TestName_110,lName111
33,EMPID_111,TestName_111,lName112
45,EMPID_112,TestName_112,lName113
47,EMPID_113,TestName_113,lName114
41,EMPID_114,TestName_114,lName115
27,EMPID_115,TestName_115,lName116
20,EMPID_116,TestName_116,lName117
18,EMPID_117,TestName_117,lName118
19,EMPID_118,TestName_118,lName119
45,EMPID_119,TestName_119,lName120
60,EMPID_120,TestName_120,lName121
46,EMPID_121,TestName_121,lName122
57,EMPID_122,TestName_122,lName123
57,EMPID_123,TestName_123,lName124
34,EMPID_124,TestName_124,lName125
53,EMPID_125,TestName_125,lName126
59,EMPID_126,TestName_126,lName127
32,EMPID_127,TestName_127,lName128
54,EMPID_128,TestName_128,lName129
24,EMPID_129,TestName_129,lName130
51,EMPID_130,TestName_130,lName131
26,EMPID_131,TestName_131,lName132
37,EMPID_132,TestName_132,lName133
31,EMPID_133,TestName_133,lName134
19,EMPID_134,TestName_134,lName135
22,EMPID_135,TestName_135,lName136
53,EMPID_136,TestName_136,lName137
57,EMPID_137,TestName_137,lName138
30,EMPID_138,TestName_138,lName139
56,EMPID_139,TestName_139,lName140
42,EMPID_140,TestName_140,lName141
53,EMPID_141,TestName_141,lName142
43,EMPID_142,TestName_142,lName143
40,EMPID_143,TestName_143,lName144
49,EMPID_144,TestName_144,lName145
43,EMPID_145,TestName_145,lName146
44,EMPID_146,TestName_146,lName147
25,EMPID_147,TestName_147,lName148
41,EMPID_148,TestName_148,lName149
46,EMPID_149,TestName_149,lName150
47,EMPID_150,TestName_150,lName151
21,EMPID_151,TestName_151,lName152
36,EMPID_152,TestName_152,lName153
21,EMPID_153,TestName_153,lName154
40,EMPID_154,TestName_154,lName155
43,EMPID_155,TestName_155,lName156
37,EMPID_156,TestName_156,lName157
41,EMPID_157,TestName_157,lName158
20,EMPID_158,TestName_158,lName159
35,EMPID_159,TestName_159,lName160
51,EMPID_160,TestName_160,lName161
27,EMPID_161,TestName_161,lName162
24,EMPID_162,TestName_162,lName163
47,EMPID_163,TestName_163,lName164
50,EMPID_164,TestName_164,lName165
53,EMPID_165,TestName_165,lName166
32,EMPID_166,TestName_166,lName167
37,EMPID_167,TestName_167,lName168
54,EMPID_168,TestName_168,lName169
20,EMPID_169,TestName_169,lName170
20,EMPID_170,TestName_170,lName171
36,EMPID_171,TestName_171,lName172
53,EMPID_172,TestName_172,lName173
54,EMPID_173,TestName_173,lName174
28,EMPID_174,TestName_174,lName175
34,EMPID_175,TestName_175,lName176
52,EMPID_176,TestName_176,lName177
55,EMPID_177,TestName_177,lName178
18,EMPID_178,TestName_178,lName179
51,EMPID_179,TestName_179,lName180
33,EMPID_180,TestName_180,lName181
25,EMPID_181,TestName_181,lName182
50,EMPID_182,TestName_182,lName183
27,EMPID_183,TestName_183,lName184
57,EMPID_184,TestName_184,lName185
22,EMPID_185,TestName_185,lName186
22,EMPID_186,TestName_186,lName187
35,EMPID_187,TestName_187,lName188
20,EMPID_188,TestName_188,lName189
31,EMPID_189,TestName_189,lName190
35,EMPID_190,TestName_190,lName191
58,EMPID_191,TestName_191,lName192
35,EMPID_192,TestName_192,lName193
37,EMPID_193,TestName_193,lName194
57,EMPID_194,TestName_194,lName195
37,EMPID_195,TestName_195,lName196
57,EMPID_196,TestName_196,lName197
18,EMPID_197,TestName_197,lName198
31,EMPID_198,TestName_198,lName199
29,EMPID_199,TestName_199,lName200
30,EMPID_200,TestName_200,lName201
29,EMPID_201,TestName_201,lName202
20,EMPID_202,TestName_202,lName203
33,EMPID_203,TestName_203,lName204
60,EMPID_204,TestName_204,lName205
43,EMPID_205,TestName_205,lName206
42,EMPID_206,TestName_206,lName207
31,EMPID_207,TestName_207,lName208
37,EMPID_208,TestName_208,lName209
41,EMPID_209,TestName_209,lName210
24,EMPID_210,TestName_210,lName211
53,EMPID_211,TestName_211,lName212
20,EMPID_212,TestName_212,lName213
54,EMPID_213,TestName_213,lName214
18,EMPID_214,TestName_214,lName215
22,EMPID_215,TestName_215,lName216
34,EMPID_216,TestName_216,lName217
33,EMPID_217,TestName_217,lName218
23,EMPID_218,TestName_218,lName219
19,EMPID_219,TestName_219,lName220
22,EMPID_220,TestName_220,lName221
23,EMPID_221,TestName_221,lName222
39,EMPID_222,TestName_222,lName223
29,EMPID_223,TestName_223,lName224
46,EMPID_224,TestName_224,lName225
46,EMPID_225,TestName_225,lName226
36,EMPID_226,TestName_226,lName227
42,EMPID_227,TestName_227,lName228
18,EMPID_228,TestName_228,lName229
55,EMPID_229,TestName_229,lName230
27,EMPID_230,TestName_230,lName231
52,EMPID_231,TestName_231,lName232
51,EMPID_232,TestName_232,lName233
43,EMPID_233,TestName_233,lName234
37,EMPID_234,TestName_234,lName235
60,EMPID_235,TestName_235,lName236
32,EMPID_236,TestName_236,lName237
18,EMPID_237,TestName_237,lName238
60,EMPID_238,TestName_238,lName239
36,EMPID_239,TestName_239,lName240
18,EMPID_240,TestName_240,lName241
48,EMPID_241,TestName_241,lName242
34,EMPID_242,TestName_242,lName243
59,EMPID_243,TestName_243,lName244
53,EMPID_244,TestName_244,lName245
33,EMPID_245,TestName_245,lName246
18,EMPID_246,TestName_246,lName247
60,EMPID_247,TestName_247,lName248
46,EMPID_248,TestName_248,lName249
57,EMPID_249,TestName_249,lName250
28,EMPID_250,TestName_250,lName251
23,EMPID_251,TestName_251,lName252
59,EMPID_252,TestName_252,lName253
36,EMPID_253,TestName_253,lName254
51,EMPID_254,TestName_254,lName255
57,EMPID_255,TestName_255,lName256
33,EMPID_256,TestName_256,lName257
21,EMPID_257,TestName_257,lName258
45,EMPID_258,TestName_258,lName259
30,EMPID_259,TestName_259,lName260
19,EMPID_260,TestName_260,lName261
22,EMPID_261,TestName_261,lName262
30,EMPID_262,TestName_262,lName263
59,EMPID_263,TestName_263,lName264
54,EMPID_264,TestName_264,lName265
23,EMPID_265,TestName_265,lName266
48,EMPID_266,TestName_266,lName267
53,EMPID_267,TestName_267,lName268
22,EMPID_268,TestName_268,lName269
18,EMPID_269,TestName_269,lName270
46,EMPID_270,TestName_270,lName271
30,EMPID_271,TestName_271,lName272
56,EMPID_272,TestName_272,lName273
55,EMPID_273,TestName_273,lName274
34,EMPID_274,TestName_274,lName275
54,EMPID_275,TestName_275,lName276
26,EMPID_276,TestName_276,lName277
57,EMPID_277,TestName_277,lName278
42,EMPID_278,TestName_278,lName279
53,EMPID_279,TestName_279,lName280
46,EMPID_280,TestName_280,lName281
29,EMPID_281,TestName_281,lName282
48,EMPID_282,TestName_282,lName283
21,EMPID_283,TestName_283,lName284
36,EMPID_284,TestName_284,lName285
53,EMPID_285,TestName_285,lName286
29,EMPID_286,TestName_286,lName287
50,EMPID_287,TestName_287,lName288
45,EMPID_288,TestName_288,lName289
55,EMPID_289,TestName_289,lName290
44,EMPID_290,TestName_290,lName291
27,EMPID_291,TestName_291,lName292
55,EMPID_292,TestName_292,lName293
26,EMPID_293,TestName_293,lName294
34,EMPID_294,TestName_294,lName295
55,EMPID_295,TestName_295,lName296
39,EMPID_296,TestName_296,lName297
25,EMPID_297,TestName_297,lName298
29,EMPID_298,TestName_298,lName299
22,EMPID_299,TestName_299,lName300
37,EMPID_300,TestName_300,lName301
31,EMPID_301,TestName_301,lName302
24,EMPID_302,TestName_302,lName303
59,EMPID_303,TestName_303,lName304
20,EMPID_304,TestName_304,lName305
41,EMPID_305,TestName_305,lName306
55,EMPID_306,TestName_306,lName307
33,EMPID_307,TestName_307,lName308
30,EMPID_308,TestName_308,lName309
39,EMPID_309,TestName_309,lName310
38,EMPID_310,TestName_310,lName311
54,EMPID_311,TestName_311,lName312
23,EMPID_312,TestName_312,lName313
29,EMPID_313,TestName_313,lName314
20,EMPID_314,TestName_314,lName315
55,EMPID_315,TestName_315,lName316
56,EMPID_316,TestName_316,lName317
56,EMPID_317,TestName_317,lName318
31,EMPID_318,TestName_318,lName319
58,EMPID_319,TestName_319,lName320
40,EMPID_320,TestName_320,lName321
54,EMPID_321,TestName_321,lName322
36,EMPID_322,TestName_322,lName323
49,EMPID_323,TestName_323,lName324
42,EMPID_324,TestName_324,lName325
20,EMPID_325,TestName_325,lName326
46,EMPID_326,TestName_326,lName327
43,EMPID_327,TestName_327,lName328
53,EMPID_328,TestName_328,lName329
33,EMPID_329,TestName_329,lName330
32,EMPID_330,TestName_330,lName331
22,EMPID_331,TestName_331,lName332
49,EMPID_332,TestName_332,lName333
37,EMPID_333,TestName_333,lName334
29,EMPID_334,TestName_334,lName335
35,EMPID_335,TestName_335,lName336
53,EMPID_336,TestName_336,lName337
19,EMPID_337,TestName_337,lName338
36,EMPID_338,TestName_338,lName339
30,EMPID_339,TestName_339,lName340
54,EMPID_340,TestName_340,lName341
42,EMPID_341,TestName_341,lName342
33,EMPID_342,TestName_342,lName343
36,EMPID_343,TestName_343,lName344
30,EMPID_344,TestName_344,lName345
49,EMPID_345,TestName_345,lName346
26,EMPID_346,TestName_346,lName347
29,EMPID_347,TestName_347,lName348
40,EMPID_348,TestName_348,lName349
38,EMPID_349,TestName_349,lName350
38,EMPID_350,TestName_350,lName351
40,EMPID_351,TestName_351,lName352
54,EMPID_352,TestName_352,lName353
31,EMPID_353,TestName_353,lName354
20,EMPID_354,TestName_354,lName355
48,EMPID_355,TestName_355,lName356
45,EMPID_356,TestName_356,lName357
47,EMPID_357,TestName_357,lName358
53,EMPID_358,TestName_358,lName359
19,EMPID_359,TestName_359,lName360
20,EMPID_360,TestName_360,lName361
28,EMPID_361,TestName_361,lName362
21,EMPID_362,TestName_362,lName363
22,EMPID_363,TestName_363,lName364
59,EMPID_364,TestName_364,lName365
21,EMPID_365,TestName_365,lName366
27,EMPID_366,TestName_366,lName367
58,EMPID_367,TestName_367,lName368
55,EMPID_368,TestName_368,lName369
38,EMPID_369,TestName_369,lName370
51,EMPID_370,TestName_370,lName371
24,EMPID_371,TestName_371,lName372
22,EMPID_372,TestName_372,lName373
55,EMPID_373,TestName_373,lName374
20,EMPID_374,TestName_374,lName375
22,EMPID_375,TestName_375,lName376
21,EMPID_376,TestName_376,lName377
54,EMPID_377,TestName_377,lName378
44,EMPID_378,TestName_378,lName379
21,EMPID_379,TestName_379,lName380
19,EMPID_380,TestName_380,lName381
56,EMPID_381,TestName_381,lName382
58,EMPID_382,TestName_382,lName383
20,EMPID_383,TestName_383,lName384
36,EMPID_384,TestName_384,lName385
32,EMPID_385,TestName_385,lName386
51,EMPID_386,TestName_386,lName387
39,EMPID_387,TestName_387,lName388
52,EMPID_388,TestName_388,lName389
20,EMPID_389,TestName_389,lName390
33,EMPID_390,TestName_390,lName391
31,EMPID_391,TestName_391,lName392
47,EMPID_392,TestName_392,lName393
59,EMPID_393,TestName_393,lName394
55,EMPID_394,TestName_394,lName395
26,EMPID_395,TestName_395,lName396
39,EMPID_396,TestName_396,lName397
38,EMPID_397,TestName_397,lName398
18,EMPID_398,TestName_398,lName399
60,EMPID_399,TestName_399,lName400
41,EMPID_400,TestName_400,lName401
28,EMPID_401,TestName_401,lName402
25,EMPID_402,TestName_402,lName403
24,EMPID_403,TestName_403,lName404
29,EMPID_404,TestName_404,lName405
38,EMPID_405,TestName_405,lName406
53,EMPID_406,TestName_406,lName407
23,EMPID_407,TestName_407,lName408
38,EMPID_408,TestName_408,lName409
29,EMPID_409,TestName_409,lName410
50,EMPID_410,TestName_410,lName411
59,EMPID_411,TestName_411,lName412
42,EMPID_412,TestName_412,lName413
52,EMPID_413,TestName_413,lName414
59,EMPID_414,TestName_414,lName415
36,EMPID_415,TestName_415,lName416
40,EMPID_416,TestName_416,lName417
26,EMPID_417,TestName_417,lName418
47,EMPID_418,TestName_418,lName419
22,EMPID_419,TestName_419,lName420
57,EMPID_420,TestName_420,lName421
37,EMPID_421,TestName_421,lName422
22,EMPID_422,TestName_422,lName423
22,EMPID_423,TestName_423,lName424
59,EMPID_424,TestName_424,lName425
33,EMPID_425,TestName_425,lName426
58,EMPID_426,TestName_426,lName427
52,EMPID_427,TestName_427,lName428
26,EMPID_428,TestName_428,lName429
31,EMPID_429,TestName_429,lName430
21,EMPID_430,TestName_430,lName431
30,EMPID_431,TestName_431,lName432
32,EMPID_432,TestName_432,lName433
33,EMPID_433,TestName_433,lName434
59,EMPID_434,TestName_434,lName435
47,EMPID_435,TestName_435,lName436
54,EMPID_436,TestName_436,lName437
27,EMPID_437,TestName_437,lName438
29,EMPID_438,TestName_438,lName439
54,EMPID_439,TestName_439,lName440
59,EMPID_440,TestName_440,lName441
19,EMPID_441,TestName_441,lName442
54,EMPID_442,TestName_442,lName443
27,EMPID_443,TestName_443,lName444
46,EMPID_444,TestName_444,lName445
59,EMPID_445,TestName_445,lName446
43,EMPID_446,TestName_446,lName447
27,EMPID_447,TestName_447,lName448
32,EMPID_448,TestName_448,lName449
59,EMPID_449,TestName_449,lName450
36,EMPID_450,TestName_450,lName451
44,EMPID_451,TestName_451,lName452
24,EMPID_452,TestName_452,lName453
55,EMPID_453,TestName_453,lName454
21,EMPID_454,TestName_454,lName455
37,EMPID_455,TestName_455,lName456
46,EMPID_456,TestName_456,lName457
22,EMPID_457,TestName_457,lName458
27,EMPID_458,TestName_458,lName459
53,EMPID_459,TestName_459,lName460
40,EMPID_460,TestName_460,lName461
51,EMPID_461,TestName_461,lName462
23,EMPID_462,TestName_462,lName463
19,EMPID_463,TestName_463,lName464
47,EMPID_464,TestName_464,lName465
38,EMPID_465,TestName_465,lName466
46,EMPID_466,TestName_466,lName467
50,EMPID_467,TestName_467,lName468
53,EMPID_468,TestName_468,lName469
27,EMPID_469,TestName_469,lName470
23,EMPID_470,TestName_470,lName471
50,EMPID_471,TestName_471,lName472
41,EMPID_472,TestName_472,lName473
21,EMPID_473,TestName_473,lName474
53,EMPID_474,TestName_474,lName475
58,EMPID_475,TestName_475,lName476
53,EMPID_476,TestName_476,lName477
38,EMPID_477,TestName_477,lName478
50,EMPID_478,TestName_478,lName479
58,EMPID_479,TestName_479,lName480
19,EMPID_480,TestName_480,lName481
41,EMPID_481,TestName_481,lName482
33,EMPID_482,TestName_482,lName483
18,EMPID_483,TestName_483,lName484
35,EMPID_484,TestName_484,lName485
51,EMPID_485,TestName_485,lName486
41,EMPID_486,TestName_486,lName487
53,EMPID_487,TestName_487,lName488
59,EMPID_488,TestName_488,lName489
30,EMPID_489,TestName_489,lName490
40,EMPID_490,TestName_490,lName491
58,EMPID_491,TestName_491,lName492
19,EMPID_492,TestName_492,lName493
49,EMPID_493,TestName_493,lName494
32,EMPID_494,TestName_494,lName495
41,EMPID_495,TestName_495,lName496
18,EMPID_496,TestName_496,lName497
54,EMPID_497,TestName_497,lName498
59,EMPID_498,TestName_498,lName499
60,EMPID_499,TestName_499,lName500
26,EMPID_500,TestName_500,lName501
50,EMPID_501,TestName_501,lName502
40,EMPID_502,TestName_502,lName503
39,EMPID_503,TestName_503,lName504
45,EMPID_504,TestName_504,lName505
53,EMPID_505,TestName_505,lName506
45,EMPID_506,TestName_506,lName507
36,EMPID_507,TestName_507,lName508
58,EMPID_508,TestName_508,lName509
25,EMPID_509,TestName_509,lName510
36,EMPID_510,TestName_510,lName511
54,EMPID_511,TestName_511,lName512
54,EMPID_512,TestName_512,lName513
54,EMPID_513,TestName_513,lName514
47,EMPID_514,TestName_514,lName515
59,EMPID_515,TestName_515,lName516
19,EMPID_516,TestName_516,lName517
20,EMPID_517,TestName_517,lName518
32,EMPID_518,TestName_518,lName519
25,EMPID_519,TestName_519,lName520
46,EMPID_520,TestName_520,lName521
23,EMPID_521,TestName_521,lName522
49,EMPID_522,TestName_522,lName523
60,EMPID_523,TestName_523,lName524
28,EMPID_524,TestName_524,lName525
31,EMPID_525,TestName_525,lName526
46,EMPID_526,TestName_526,lName527
59,EMPID_527,TestName_527,lName528
58,EMPID_528,TestName_528,lName529
44,EMPID_529,TestName_529,lName530
29,EMPID_530,TestName_530,lName531
37,EMPID_531,TestName_531,lName532
54,EMPID_532,TestName_532,lName533
33,EMPID_533,TestName_533,lName534
35,EMPID_534,TestName_534,lName535
30,EMPID_535,TestName_535,lName536
42,EMPID_536,TestName_536,lName537
20,EMPID_537,TestName_537,lName538
42,EMPID_538,TestName_538,lName539
53,EMPID_539,TestName_539,lName540
31,EMPID_540,TestName_540,lName541
26,EMPID_541,TestName_541,lName542
29,EMPID_542,TestName_542,lName543
51,EMPID_543,TestName_543,lName544
38,EMPID_544,TestName_544,lName545
26,EMPID_545,TestName_545,lName546
24,EMPID_546,TestName_546,lName547
24,EMPID_547,TestName_547,lName548
48,EMPID_548,TestName_548,lName549
27,EMPID_549,TestName_549,lName550
38,EMPID_550,TestName_550,lName551
41,EMPID_551,TestName_551,lName552
50,EMPID_552,TestName_552,lName553
59,EMPID_553,TestName_553,lName554
41,EMPID_554,TestName_554,lName555
55,EMPID_555,TestName_555,lName556
39,EMPID_556,TestName_556,lName557
50,EMPID_557,TestName_557,lName558
40,EMPID_558,TestName_558,lName559
32,EMPID_559,TestName_559,lName560
58,EMPID_560,TestName_560,lName561
36,EMPID_561,TestName_561,lName562
32,EMPID_562,TestName_562,lName563
30,EMPID_563,TestName_563,lName564
43,EMPID_564,TestName_564,lName565
25,EMPID_565,TestName_565,lName566
28,EMPID_566,TestName_566,lName567
38,EMPID_567,TestName_567,lName568
23,EMPID_568,TestName_568,lName569
18,EMPID_569,TestName_569,lName570
25,EMPID_570,TestName_570,lName571
60,EMPID_571,TestName_571,lName572
46,EMPID_572,TestName_572,lName573
19,EMPID_573,TestName_573,lName574
26,EMPID_574,TestName_574,lName575
31,EMPID_575,TestName_575,lName576
50,EMPID_576,TestName_576,lName577
19,EMPID_577,TestName_577,lName578
48,EMPID_578,TestName_578,lName579
47,EMPID_579,TestName_579,lName580
46,EMPID_580,TestName_580,lName581
56,EMPID_581,TestName_581,lName582
57,EMPID_582,TestName_582,lName583
52,EMPID_583,TestName_583,lName584
18,EMPID_584,TestName_584,lName585
41,EMPID_585,TestName_585,lName586
30,EMPID_586,TestName_586,lName587
37,EMPID_587,TestName_587,lName588
29,EMPID_588,TestName_588,lName589
30,EMPID_589,TestName_589,lName590
48,EMPID_590,TestName_590,lName591
59,EMPID_591,TestName_591,lName592
57,EMPID_592,TestName_592,lName593
29,EMPID_593,TestName_593,lName594
21,EMPID_594,TestName_594,lName595
19,EMPID_595,TestName_595,lName596
34,EMPID_596,TestName_596,lName597
38,EMPID_597,TestName_597,lName598
20,EMPID_598,TestName_598,lName599
35,EMPID_599,TestName_599,lName600
30,EMPID_600,TestName_600,lName601
53,EMPID_601,TestName_601,lName602
21,EMPID_602,TestName_602,lName603
45,EMPID_603,TestName_603,lName604
43,EMPID_604,TestName_604,lName605
43,EMPID_605,TestName_605,lName606
42,EMPID_606,TestName_606,lName607
31,EMPID_607,TestName_607,lName608
41,EMPID_608,TestName_608,lName609
55,EMPID_609,TestName_609,lName610
44,EMPID_610,TestName_610,lName611
53,EMPID_611,TestName_611,lName612
20,EMPID_612,TestName_612,lName613
40,EMPID_613,TestName_613,lName614
46,EMPID_614,TestName_614,lName615
44,EMPID_615,TestName_615,lName616
58,EMPID_616,TestName_616,lName617
41,EMPID_617,TestName_617,lName618
60,EMPID_618,TestName_618,lName619
58,EMPID_619,TestName_619,lName620
45,EMPID_620,TestName_620,lName621
43,EMPID_621,TestName_621,lName622
37,EMPID_622,TestName_622,lName623
55,EMPID_623,TestName_623,lName624
36,EMPID_624,TestName_624,lName625
37,EMPID_625,TestName_625,lName626
58,EMPID_626,TestName_626,lName627
44,EMPID_627,TestName_627,lName628
20,EMPID_628,TestName_628,lName629
44,EMPID_629,TestName_629,lName630
35,EMPID_630,TestName_630,lName631
41,EMPID_631,TestName_631,lName632
39,EMPID_632,TestName_632,lName633
20,EMPID_633,TestName_633,lName634
31,EMPID_634,TestName_634,lName635
53,EMPID_635,TestName_635,lName636
23,EMPID_636,TestName_636,lName637
45,EMPID_637,TestName_637,lName638
35,EMPID_638,TestName_638,lName639
38,EMPID_639,TestName_639,lName640
53,EMPID_640,TestName_640,lName641
35,EMPID_641,TestName_641,lName642
50,EMPID_642,TestName_642,lName643
55,EMPID_643,TestName_643,lName644
49,EMPID_644,TestName_644,lName645
35,EMPID_645,TestName_645,lName646
20,EMPID_646,TestName_646,lName647
44,EMPID_647,TestName_647,lName648
23,EMPID_648,TestName_648,lName649
27,EMPID_649,TestName_649,lName650
49,EMPID_650,TestName_650,lName651
31,EMPID_651,TestName_651,lName652
20,EMPID_652,TestName_652,lName653
24,EMPID_653,TestName_653,lName654
54,EMPID_654,TestName_654,lName655
46,EMPID_655,TestName_655,lName656
54,EMPID_656,TestName_656,lName657
60,EMPID_657,TestName_657,lName658
22,EMPID_658,TestName_658,lName659
31,EMPID_659,TestName_659,lName660
58,EMPID_660,TestName_660,lName661
22,EMPID_661,TestName_661,lName662
20,EMPID_662,TestName_662,lName663
56,EMPID_663,TestName_663,lName664
51,EMPID_664,TestName_664,lName665
49,EMPID_665,TestName_665,lName666
47,EMPID_666,TestName_666,lName667
36,EMPID_667,TestName_667,lName668
43,EMPID_668,TestName_668,lName669
35,EMPID_669,TestName_669,lName670
51,EMPID_670,TestName_670,lName671
30,EMPID_671,TestName_671,lName672
28,EMPID_672,TestName_672,lName673
21,EMPID_673,TestName_673,lName674
21,EMPID_674,TestName_674,lName675
38,EMPID_675,TestName_675,lName676
22,EMPID_676,TestName_676,lName677
52,EMPID_677,TestName_677,lName678
35,EMPID_678,TestName_678,lName679
60,EMPID_679,TestName_679,lName680
43,EMPID_680,TestName_680,lName681
38,EMPID_681,TestName_681,lName682
32,EMPID_682,TestName_682,lName683
22,EMPID_683,TestName_683,lName684
31,EMPID_684,TestName_684,lName685
27,EMPID_685,TestName_685,lName686
38,EMPID_686,TestName_686,lName687
41,EMPID_687,TestName_687,lName688
56,EMPID_688,TestName_688,lName689
24,EMPID_689,TestName_689,lName690
29,EMPID_690,TestName_690,lName691
25,EMPID_691,TestName_691,lName692
19,EMPID_692,TestName_692,lName693
56,EMPID_693,TestName_693,lName694
42,EMPID_694,TestName_694,lName695
39,EMPID_695,TestName_695,lName696
42,EMPID_696,TestName_696,lName697
28,EMPID_697,TestName_697,lName698
46,EMPID_698,TestName_698,lName699
24,EMPID_699,TestName_699,lName700
52,EMPID_700,TestName_700,lName701
42,EMPID_701,TestName_701,lName702
48,EMPID_702,TestName_702,lName703
28,EMPID_703,TestName_703,lName704
42,EMPID_704,TestName_704,lName705
48,EMPID_705,TestName_705,lName706
39,EMPID_706,TestName_706,lName707
18,EMPID_707,TestName_707,lName708
31,EMPID_708,TestName_708,lName709
38,EMPID_709,TestName_709,lName710
50,EMPID_710,TestName_710,lName711
23,EMPID_711,TestName_711,lName712
40,EMPID_712,TestName_712,lName713
25,EMPID_713,TestName_713,lName714
21,EMPID_714,TestName_714,lName715
39,EMPID_715,TestName_715,lName716
51,EMPID_716,TestName_716,lName717
48,EMPID_717,TestName_717,lName718
30,EMPID_718,TestName_718,lName719
43,EMPID_719,TestName_719,lName720
36,EMPID_720,TestName_720,lName721
27,EMPID_721,TestName_721,lName722
41,EMPID_722,TestName_722,lName723
44,EMPID_723,TestName_723,lName724
30,EMPID_724,TestName_724,lName725
59,EMPID_725,TestName_725,lName726
27,EMPID_726,TestName_726,lName727
33,EMPID_727,TestName_727,lName728
31,EMPID_728,TestName_728,lName729
58,EMPID_729,TestName_729,lName730
26,EMPID_730,TestName_730,lName731
45,EMPID_731,TestName_731,lName732
32,EMPID_732,TestName_732,lName733
33,EMPID_733,TestName_733,lName734
23,EMPID_734,TestName_734,lName735
25,EMPID_735,TestName_735,lName736
50,EMPID_736,TestName_736,lName737
34,EMPID_737,TestName_737,lName738
56,EMPID_738,TestName_738,lName739
29,EMPID_739,TestName_739,lName740
49,EMPID_740,TestName_740,lName741
36,EMPID_741,TestName_741,lName742
59,EMPID_742,TestName_742,lName743
48,EMPID_743,TestName_743,lName744
27,EMPID_744,TestName_744,lName745
40,EMPID_745,TestName_745,lName746
58,EMPID_746,TestName_746,lName747
37,EMPID_747,TestName_747,lName748
56,EMPID_748,TestName_748,lName749
40,EMPID_749,TestName_749,lName750
50,EMPID_750,TestName_750,lName751
34,EMPID_751,TestName_751,lName752
39,EMPID_752,TestName_752,lName753
47,EMPID_753,TestName_753,lName754
43,EMPID_754,TestName_754,lName755
22,EMPID_755,TestName_755,lName756
23,EMPID_756,TestName_756,lName757
31,EMPID_757,TestName_757,lName758
31,EMPID_758,TestName_758,lName759
43,EMPID_759,TestName_759,lName760
49,EMPID_760,TestName_760,lName761
44,EMPID_761,TestName_761,lName762
19,EMPID_762,TestName_762,lName763
55,EMPID_763,TestName_763,lName764
26,EMPID_764,TestName_764,lName765
18,EMPID_765,TestName_765,lName766
23,EMPID_766,TestName_766,lName767
20,EMPID_767,TestName_767,lName768
18,EMPID_768,TestName_768,lName769
47,EMPID_769,TestName_769,lName770
31,EMPID_770,TestName_770,lName771
39,EMPID_771,TestName_771,lName772
42,EMPID_772,TestName_772,lName773
53,EMPID_773,TestName_773,lName774
20,EMPID_774,TestName_774,lName775
52,EMPID_775,TestName_775,lName776
34,EMPID_776,TestName_776,lName777
54,EMPID_777,TestName_777,lName778
53,EMPID_778,TestName_778,lName779
31,EMPID_779,TestName_779,lName780
59,EMPID_780,TestName_780,lName781
21,EMPID_781,TestName_781,lName782
26,EMPID_782,TestName_782,lName783
48,EMPID_783,TestName_783,lName784
42,EMPID_784,TestName_784,lName785
33,EMPID_785,TestName_785,lName786
23,EMPID_786,TestName_786,lName787
34,EMPID_787,TestName_787,lName788
30,EMPID_788,TestName_788,lName789
53,EMPID_789,TestName_789,lName790
38,EMPID_790,TestName_790,lName791
46,EMPID_791,TestName_791,lName792
20,EMPID_792,TestName_792,lName793
36,EMPID_793,TestName_793,lName794
27,EMPID_794,TestName_794,lName795
52,EMPID_795,TestName_795,lName796
48,EMPID_796,TestName_796,lName797
34,EMPID_797,TestName_797,lName798
38,EMPID_798,TestName_798,lName799
53,EMPID_799,TestName_799,lName800
25,EMPID_800,TestName_800,lName801
24,EMPID_801,TestName_801,lName802
48,EMPID_802,TestName_802,lName803
40,EMPID_803,TestName_803,lName804
54,EMPID_804,TestName_804,lName805
26,EMPID_805,TestName_805,lName806
50,EMPID_806,TestName_806,lName807
38,EMPID_807,TestName_807,lName808
36,EMPID_808,TestName_808,lName809
47,EMPID_809,TestName_809,lName810
29,EMPID_810,TestName_810,lName811
45,EMPID_811,TestName_811,lName812
23,EMPID_812,TestName_812,lName813
24,EMPID_813,TestName_813,lName814
40,EMPID_814,TestName_814,lName815
47,EMPID_815,TestName_815,lName816
21,EMPID_816,TestName_816,lName817
25,EMPID_817,TestName_817,lName818
35,EMPID_818,TestName_818,lName819
49,EMPID_819,TestName_819,lName820
55,EMPID_820,TestName_820,lName821
52,EMPID_821,TestName_821,lName822
37,EMPID_822,TestName_822,lName823
22,EMPID_823,TestName_823,lName824
47,EMPID_824,TestName_824,lName825
20,EMPID_825,TestName_825,lName826
48,EMPID_826,TestName_826,lName827
27,EMPID_827,TestName_827,lName828
44,EMPID_828,TestName_828,lName829
53,EMPID_829,TestName_829,lName830
34,EMPID_830,TestName_830,lName831
40,EMPID_831,TestName_831,lName832
38,EMPID_832,TestName_832,lName833
60,EMPID_833,TestName_833,lName834
40,EMPID_834,TestName_834,lName835
27,EMPID_835,TestName_835,lName836
41,EMPID_836,TestName_836,lName837
60,EMPID_837,TestName_837,lName838
32,EMPID_838,TestName_838,lName839
38,EMPID_839,TestName_839,lName840
35,EMPID_840,TestName_840,lName841
58,EMPID_841,TestName_841,lName842
26,EMPID_842,TestName_842,lName843
19,EMPID_843,TestName_843,lName844
40,EMPID_844,TestName_844,lName845
51,EMPID_845,TestName_845,lName846
60,EMPID_846,TestName_846,lName847
60,EMPID_847,TestName_847,lName848
25,EMPID_848,TestName_848,lName849
50,EMPID_849,TestName_849,lName850
33,EMPID_850,TestName_850,lName851
44,EMPID_851,TestName_851,lName852
44,EMPID_852,TestName_852,lName853
40,EMPID_853,TestName_853,lName854
22,EMPID_854,TestName_854,lName855
34,EMPID_855,TestName_855,lName856
58,EMPID_856,TestName_856,lName857
18,EMPID_857,TestName_857,lName858
37,EMPID_858,TestName_858,lName859
58,EMPID_859,TestName_859,lName860
33,EMPID_860,TestName_860,lName861
37,EMPID_861,TestName_861,lName862
38,EMPID_862,TestName_862,lName863
55,EMPID_863,TestName_863,lName864
31,EMPID_864,TestName_864,lName865
55,EMPID_865,TestName_865,lName866
54,EMPID_866,TestName_866,lName867
30,EMPID_867,TestName_867,lName868
21,EMPID_868,TestName_868,lName869
27,EMPID_869,TestName_869,lName870
47,EMPID_870,TestName_870,lName871
27,EMPID_871,TestName_871,lName872
51,EMPID_872,TestName_872,lName873
36,EMPID_873,TestName_873,lName874
23,EMPID_874,TestName_874,lName875
43,EMPID_875,TestName_875,lName876
55,EMPID_876,TestName_876,lName877
47,EMPID_877,TestName_877,lName878
35,EMPID_878,TestName_878,lName879
37,EMPID_879,TestName_879,lName880
53,EMPID_880,TestName_880,lName881
48,EMPID_881,TestName_881,lName882
43,EMPID_882,TestName_882,lName883
35,EMPID_883,TestName_883,lName884
40,EMPID_884,TestName_884,lName885
60,EMPID_885,TestName_885,lName886
35,EMPID_886,TestName_886,lName887
56,EMPID_887,TestName_887,lName888
28,EMPID_888,TestName_888,lName889
32,EMPID_889,TestName_889,lName890
44,EMPID_890,TestName_890,lName891
25,EMPID_891,TestName_891,lName892
56,EMPID_892,TestName_892,lName893
36,EMPID_893,TestName_893,lName894
21,EMPID_894,TestName_894,lName895
52,EMPID_895,TestName_895,lName896
36,EMPID_896,TestName_896,lName897
30,EMPID_897,TestName_897,lName898
46,EMPID_898,TestName_898,lName899
22,EMPID_899,TestName_899,lName900
58,EMPID_900,TestName_900,lName901
37,EMPID_901,TestName_901,lName902
43,EMPID_902,TestName_902,lName903
59,EMPID_903,TestName_903,lName904
47,EMPID_904,TestName_904,lName905
42,EMPID_905,TestName_905,lName906
37,EMPID_906,TestName_906,lName907
31,EMPID_907,TestName_907,lName908
27,EMPID_908,TestName_908,lName909
47,EMPID_909,TestName_909,lName910
41,EMPID_910,TestName_910,lName911
54,EMPID_911,TestName_911,lName912
59,EMPID_912,TestName_912,lName913
51,EMPID_913,TestName_913,lName914
54,EMPID_914,TestName_914,lName915
40,EMPID_915,TestName_915,lName916
41,EMPID_916,TestName_916,lName917
23,EMPID_917,TestName_917,lName918
22,EMPID_918,TestName_918,lName919
39,EMPID_919,TestName_919,lName920
35,EMPID_920,TestName_920,lName921
36,EMPID_921,TestName_921,lName922
58,EMPID_922,TestName_922,lName923
25,EMPID_923,TestName_923,lName924
33,EMPID_924,TestName_924,lName925
49,EMPID_925,TestName_925,lName926
52,EMPID_926,TestName_926,lName927
36,EMPID_927,TestName_927,lName928
34,EMPID_928,TestName_928,lName929
57,EMPID_929,TestName_929,lName930
37,EMPID_930,TestName_930,lName931
58,EMPID_931,TestName_931,lName932
46,EMPID_932,TestName_932,lName933
21,EMPID_933,TestName_933,lName934
34,EMPID_934,TestName_934,lName935
38,EMPID_935,TestName_935,lName936
38,EMPID_936,TestName_936,lName937
40,EMPID_937,TestName_937,lName938
20,EMPID_938,TestName_938,lName939
57,EMPID_939,TestName_939,lName940
57,EMPID_940,TestName_940,lName941
44,EMPID_941,TestName_941,lName942
48,EMPID_942,TestName_942,lName943
58,EMPID_943,TestName_943,lName944
24,EMPID_944,TestName_944,lName945
37,EMPID_945,TestName_945,lName946
49,EMPID_946,TestName_946,lName947
50,EMPID_947,TestName_947,lName948
53,EMPID_948,TestName_948,lName949
22,EMPID_949,TestName_949,lName950
31,EMPID_950,TestName_950,lName951
58,EMPID_951,TestName_951,lName952
25,EMPID_952,TestName_952,lName953
23,EMPID_953,TestName_953,lName954
46,EMPID_954,TestName_954,lName955
23,EMPID_955,TestName_955,lName956
30,EMPID_956,TestName_956,lName957
60,EMPID_957,TestName_957,lName958
23,EMPID_958,TestName_958,lName959
27,EMPID_959,TestName_959,lName960
24,EMPID_960,TestName_960,lName961
30,EMPID_961,TestName_961,lName962
54,EMPID_962,TestName_962,lName963
40,EMPID_963,TestName_963,lName964
59,EMPID_964,TestName_964,lName965
45,EMPID_965,TestName_965,lName966
46,EMPID_966,TestName_966,lName967
40,EMPID_967,TestName_967,lName968
31,EMPID_968,TestName_968,lName969
29,EMPID_969,TestName_969,lName970
26,EMPID_970,TestName_970,lName971
52,EMPID_971,TestName_971,lName972
51,EMPID_972,TestName_972,lName973
25,EMPID_973,TestName_973,lName974
45,EMPID_974,TestName_974,lName975
52,EMPID_975,TestName_975,lName976
26,EMPID_976,TestName_976,lName977
52,EMPID_977,TestName_977,lName978
39,EMPID_978,TestName_978,lName979
56,EMPID_979,TestName_979,lName980
51,EMPID_980,TestName_980,lName981
56,EMPID_981,TestName_981,lName982
36,EMPID_982,TestName_982,lName983
53,EMPID_983,TestName_983,lName984
25,EMPID_984,TestName_984,lName985
28,EMPID_985,TestName_985,lName986
32,EMPID_986,TestName_986,lName987
28,EMPID_987,TestName_987,lName988
60,EMPID_988,TestName_988,lName989
45,EMPID_989,TestName_989,lName990
42,EMPID_990,TestName_990,lName991
37,EMPID_991,TestName_991,lName992
59,EMPID_992,TestName_992,lName993
51,EMPID_993,TestName_993,lName994
55,EMPID_994,TestName_994,lName995
44,EMPID_995,TestName_995,lName996
25,EMPID_996,TestName_996,lName997
50,EMPID_997,TestName_997,lName998
40,EMPID_998,TestName_998,lName999
21,EMPID_999,TestName_999,lName1000
28,EMPID_1000,TestName_1000,lName1001
